{
  "total_frames": 321,
  "processed_frames": 321,
  "persons_detected": 554,
  "processing_time": 23.223977088928223,
  "start_time": 1755692077.862797,
  "fps_processing": 13.821922006331691
}