{
  "total_frames": 3095,
  "processed_frames": 3095,
  "faces_detected": 985,
  "processing_time": 51.04997205734253,
  "start_time": 1756237496.155332,
  "fps_processing": 60.626869619507374
}