{
  "total_frames": 3095,
  "processed_frames": 3095,
  "faces_detected": 1857,
  "processing_time": 6311.057080030441,
  "start_time": 1756239052.977397,
  "fps_processing": 0.4904091280988812
}