{
  "total_frames": 3095,
  "processed_frames": 3095,
  "persons_detected": 2254,
  "processing_time": 123.7139298915863,
  "start_time": 1756232381.482177,
  "fps_processing": 25.017392970316504
}