{
  "total_frames": 3095,
  "processed_frames": 3095,
  "faces_detected": 1429,
  "processing_time": 12.48939323425293,
  "start_time": 1756237465.949513,
  "fps_processing": 247.81027724483621
}