{
  "total_frames": 321,
  "processed_frames": 321,
  "persons_detected": 585,
  "total_masks": 585,
  "processing_time": 22.973636865615845,
  "start_time": 1755692919.298916,
  "detection_confidence": [
    0.9204362034797668,
    0.429697185754776,
    0.4063608646392822,
    0.40580201148986816,
    0.926300585269928,
    0.522204577922821,
    0.35450488328933716,
    0.9287234544754028,
    0.5867462754249573,
    0.3632647395133972,
    0.3454955518245697,
    0.9310455918312073,
    0.5064333081245422,
    0.41560739278793335,
    0.4093739688396454,
    0.3081027865409851,
    0.9371203184127808,
    0.5647650361061096,
    0.5232739448547363,
    0.4937944710254669,
    0.31914085149765015,
    0.9286301732063293,
    0.5580649375915527,
    0.5265274047851562,
    0.4890000522136688,
    0.31537455320358276,
    0.9290289878845215,
    0.5565454959869385,
    0.5297725200653076,
    0.4882483184337616,
    0.31063538789749146,
    0.9280672669410706,
    0.5027663111686707,
    0.4625326097011566,
    0.41594767570495605,
    0.40442392230033875,
    0.9252024292945862,
    0.46721121668815613,
    0.37097495794296265,
    0.3651484549045563,
    0.3583567440509796,
    0.9272913932800293,
    0.455359548330307,
    0.3820069134235382,
    0.9302700757980347,
    0.5375205278396606,
    0.3971920907497406,
    0.3290748596191406,
    0.9307904243469238,
    0.5670605301856995,
    0.930537223815918,
    0.572965681552887,
    0.92960524559021,
    0.5620229840278625,
    0.30272549390792847,
    0.9294414520263672,
    0.49887755513191223,
    0.30581286549568176,
    0.927050769329071,
    0.3111640512943268,
    0.9286203384399414,
    0.31171855330467224,
    0.9257312417030334,
    0.5613934993743896,
    0.3494885265827179,
    0.9258894324302673,
    0.5473302602767944,
    0.3525943160057068,
    0.9254217743873596,
    0.5065724849700928,
    0.3594590723514557,
    0.9260913729667664,
    0.3316991627216339,
    0.32209429144859314,
    0.9292640686035156,
    0.3399641215801239,
    0.3281099498271942,
    0.929487407207489,
    0.3353726267814636,
    0.31768032908439636,
    0.9274157285690308,
    0.32729169726371765,
    0.3034572899341583,
    0.9273390769958496,
    0.3297429382801056,
    0.30578917264938354,
    0.9252613186836243,
    0.34254443645477295,
    0.3040648400783539,
    0.9256458282470703,
    0.35610270500183105,
    0.9254436492919922,
    0.398726224899292,
    0.35496294498443604,
    0.9235425591468811,
    0.4241054058074951,
    0.3501550853252411,
    0.9238392114639282,
    0.4239530563354492,
    0.36043232679367065,
    0.9230133295059204,
    0.4256514608860016,
    0.3600718379020691,
    0.9254201650619507,
    0.48078975081443787,
    0.42371222376823425,
    0.9184959530830383,
    0.49480825662612915,
    0.36833488941192627,
    0.9147607684135437,
    0.5257718563079834,
    0.34352898597717285,
    0.9165570735931396,
    0.421241819858551,
    0.9249122142791748,
    0.41602227091789246,
    0.9300938844680786,
    0.3062652051448822,
    0.9298728704452515,
    0.3144371211528778,
    0.9277661442756653,
    0.9307460784912109,
    0.30759668350219727,
    0.9328081011772156,
    0.9309139251708984,
    0.3130582571029663,
    0.303774893283844,
    0.9318954944610596,
    0.3063350319862366,
    0.30303671956062317,
    0.9281727075576782,
    0.3198373019695282,
    0.9276145696640015,
    0.34654781222343445,
    0.30912867188453674,
    0.8376386165618896,
    0.8386666774749756,
    0.8838137984275818,
    0.8849575519561768,
    0.8463395833969116,
    0.792680025100708,
    0.830486536026001,
    0.8590075969696045,
    0.8500520586967468,
    0.8496547937393188,
    0.7928140759468079,
    0.7548404932022095,
    0.7118720412254333,
    0.7151809334754944,
    0.7650249004364014,
    0.7576407790184021,
    0.755185067653656,
    0.8279637098312378,
    0.8359839916229248,
    0.84236079454422,
    0.8121471405029297,
    0.8080999851226807,
    0.7738352417945862,
    0.8407003283500671,
    0.8703968524932861,
    0.8078914284706116,
    0.7699500918388367,
    0.7305077314376831,
    0.7148512601852417,
    0.5422036051750183,
    0.8057140707969666,
    0.8558333516120911,
    0.800112783908844,
    0.8004400730133057,
    0.9050874710083008,
    0.8924874067306519,
    0.8970171809196472,
    0.8673813343048096,
    0.8907376527786255,
    0.8924158215522766,
    0.8710496425628662,
    0.829207181930542,
    0.8652473092079163,
    0.8919034600257874,
    0.8718703389167786,
    0.8662304878234863,
    0.8557916283607483,
    0.8723549842834473,
    0.8701753616333008,
    0.8721357583999634,
    0.874725341796875,
    0.8807399868965149,
    0.8384186029434204,
    0.8895735144615173,
    0.8447737693786621,
    0.8141064047813416,
    0.9216084480285645,
    0.7046827673912048,
    0.9131048917770386,
    0.6617186069488525,
    0.45645657181739807,
    0.9123169183731079,
    0.6285392642021179,
    0.49183017015457153,
    0.9119042158126831,
    0.6299092769622803,
    0.4922463297843933,
    0.9179697632789612,
    0.6587077975273132,
    0.4023151099681854,
    0.9135575890541077,
    0.619175136089325,
    0.3038061857223511,
    0.905062198638916,
    0.6197336912155151,
    0.9062014222145081,
    0.6414198279380798,
    0.9040061831474304,
    0.6679763197898865,
    0.9032537341117859,
    0.6672737002372742,
    0.8947247266769409,
    0.6393088102340698,
    0.4185136556625366,
    0.8964187502861023,
    0.6775496006011963,
    0.4489189386367798,
    0.9013959765434265,
    0.6915923953056335,
    0.46951723098754883,
    0.3219234049320221,
    0.9090062975883484,
    0.719637930393219,
    0.521613359451294,
    0.3330371677875519,
    0.9090533256530762,
    0.7041756510734558,
    0.457931250333786,
    0.909363865852356,
    0.7052244544029236,
    0.4580078423023224,
    0.9085424542427063,
    0.63480144739151,
    0.431479811668396,
    0.9106804132461548,
    0.6052579879760742,
    0.4227464199066162,
    0.3383854925632477,
    0.9109110236167908,
    0.43608903884887695,
    0.37451183795928955,
    0.3431313633918762,
    0.33869093656539917,
    0.9081860184669495,
    0.4777050018310547,
    0.320228636264801,
    0.3158436119556427,
    0.9100520014762878,
    0.5165688991546631,
    0.35954415798187256,
    0.32693806290626526,
    0.910598874092102,
    0.5045811533927917,
    0.3647614121437073,
    0.3322977125644684,
    0.9105514287948608,
    0.5761006474494934,
    0.3327968716621399,
    0.33088311553001404,
    0.9080087542533875,
    0.4748701751232147,
    0.38031283020973206,
    0.9079369306564331,
    0.39988917112350464,
    0.394296258687973,
    0.312167763710022,
    0.9084050059318542,
    0.3871912360191345,
    0.3597422242164612,
    0.32441991567611694,
    0.3201533854007721,
    0.9080657362937927,
    0.4259866774082184,
    0.38160890340805054,
    0.3667345345020294,
    0.3234981298446655,
    0.9048243761062622,
    0.3593482971191406,
    0.3532586693763733,
    0.3294810652732849,
    0.30504313111305237,
    0.904606819152832,
    0.35555651783943176,
    0.35501426458358765,
    0.33318424224853516,
    0.3066597878932953,
    0.9080362915992737,
    0.3949293792247772,
    0.30812910199165344,
    0.908900797367096,
    0.4722839891910553,
    0.36049607396125793,
    0.9108642339706421,
    0.4644377529621124,
    0.9109950065612793,
    0.44808268547058105,
    0.3304302990436554,
    0.9108355641365051,
    0.4606263339519501,
    0.3542676866054535,
    0.9126331210136414,
    0.36583760380744934,
    0.3625217080116272,
    0.30390623211860657,
    0.912053644657135,
    0.42915189266204834,
    0.9097367525100708,
    0.47635307908058167,
    0.3083566725254059,
    0.9094460010528564,
    0.508102536201477,
    0.3081571161746979,
    0.30721426010131836,
    0.8964674472808838,
    0.48857444524765015,
    0.321850448846817,
    0.3114720284938812,
    0.3044697344303131,
    0.8973546624183655,
